BaseID,Name,key_character,character_tier,relic_rec,notes,alignment,role,categories,ship
TRIPLEZERO,0-0-0,yes,,9,TB,Dark Side,Support,Droid|Scoundrel,
4LOM,4-LOM,no,,7,,Dark Side,Support,Leader|Bounty Hunter|Droid|Scoundrel,
50RT,50R-T,no,,7,,Light Side,Support,Leader|Droid|Old Republic,
ARCTROOPER501ST,ARC Trooper,yes,,8,TB,Light Side,Attacker,501st|Clone Trooper|Galactic Republic,
AAYLASECURA,Aayla Secura,yes,,9,TB,Light Side,Support,Leader|Galactic Republic|Jedi|Jedi Vanguard|Order 66 Raid,
ADMIRALACKBAR,Admiral Ackbar,yes,,8,,Light Side,Support,Leader|Rebel|Fleet Commander,CAPITALMONCALAMARICRUISER
ADMIRALPIETT,Admiral Piett,yes,,9,,Dark Side,Support,Leader|Empire|Imperial Trooper|Fleet Commander,CAPITALEXECUTOR
ADMIRALRADDUS,Admiral Raddus,yes,,9,,Light Side,Support,Leader|Rebel|Rogue One|Fleet Commander,CAPITALPROFUNDITY
TRENCH,Admiral Trench,yes,,8,TW delta,Dark Side,Support,Leader|Separatist,
GLAHSOKATANO,Ahsoka Tano,yes,,10,GL,Light Side,Tank,Leader|Galactic Legend|Spectre|Unaligned Force User,
FULCRUMAHSOKA,Ahsoka Tano (Fulcrum),yes,,9,,Light Side,Attacker,Rebel|Spectre|Unaligned Force User,
AHSOKATANO,Ahsoka Tano (Snips),yes,,9,,Light Side,Attacker,Leader|501st|Galactic Republic|Jedi,JEDISTARFIGHTERAHSOKATANO
AMILYNHOLDO,Amilyn Holdo,no,,5,,Light Side,Tank,Resistance|Fleet Commander,CAPITALRADDUS
ASAJVENTRESS,Asajj Ventress,no,,5,,Dark Side,Support,Leader|Nightsister|Separatist|Unaligned Force User,
ASAJJDARKDISCIPLE,Asajj Ventress (Dark Disciple),yes,,7,GAC delta,Dark Side,Attacker,Leader|Bounty Hunter|Nightsister|Unaligned Force User,
AURRA_SING,Aurra Sing,no,,6,,Dark Side,Attacker,Leader|Bounty Hunter|Mercenary|Scoundrel,
B1BATTLEDROIDV2,B1 Battle Droid,no,,5,,Dark Side,Attacker,Droid|Separatist,
B2SUPERBATTLEDROID,B2 Super Battle Droid,no,,7,,Dark Side,Tank,Droid|Separatist,
BB8,BB-8,no,,7,,Light Side,Support,Droid|Resistance,
BT1,BT-1,yes,,9,TB,Dark Side,Attacker,Droid|Scoundrel,
BARRISSOFFEE,Barriss Offee,yes,,8,GAC delta,Light Side,Healer,Leader|Galactic Republic|Jedi|Jedi Vanguard|Order 66 Raid,
BASTILASHAN,Bastila Shan,yes,,7,,Light Side,Support,Leader|Jedi|Old Republic,
BASTILASHANDARK,Bastila Shan (Fallen),yes,,7,GAC delta,Dark Side,Support,Sith|Sith Empire,
BATCHERS3,Batcher,yes,,7,,Light Side,Attacker,Bad Batch|Order 66 Raid,
BAYLANSKOLL,Baylan Skoll,yes,,9,,Dark Side,Tank,Leader|Mercenary|Unaligned Force User,
BAZEMALBUS,Baze Malbus,no,,6,,Light Side,Tank,Rebel|Rebel Fighter|Rogue One,
BENSOLO,Ben Solo,yes,,9,GAC delta,Light Side,Attacker,Unaligned Force User,
BIGGSDARKLIGHTER,Biggs Darklighter,no,,5,,Light Side,Support,Rebel|Rebel Fighter,XWINGRED3
BISTAN,Bistan,no,,5,,Light Side,Attacker,Rebel|Rebel Fighter|Rogue One,UWINGSCARIF
MANDALORBOKATAN,Bo-Katan (Mand'alor),yes,,8,,Light Side,Attacker,Leader|Mandalorian,
BOKATAN,Bo-Katan Kryze,yes,,7,GAC delta,Light Side,Attacker,Leader|Mandalorian|Scoundrel,
BOBAFETT,Boba Fett,yes,,8,,Dark Side,Attacker,Leader|Bounty Hunter|Hutt Cartel|Scoundrel,SLAVE1
BOBAFETTSCION,"Boba Fett, Scion of Jango",yes,,8,,Dark Side,Attacker,Leader|Bounty Hunter|Mercenary|Scoundrel,
BODHIROOK,Bodhi Rook,no,,5,,Light Side,Support,Rebel|Rebel Fighter|Rogue One,ROGUEONESHIP
BOSSNASS,Boss Nass,yes,,8,,Light Side,Support,Leader|Gungan,
BOSSK,Bossk,yes,,8,,Dark Side,Tank,Leader|Bounty Hunter|Scoundrel,HOUNDSTOOTH
BOUSHH,Boushh (Leia Organa),yes,,8,,Light Side,Attacker,Leader|Bounty Hunter|Hutt Cartel|Scoundrel,
BRUTUS,Brutus,yes,,9,GAC delta,Dark Side,Attacker,Pirate|Scoundrel|Order 66 Raid,
C3POLEGENDARY,C-3PO,yes,,8,,Light Side,Support,Droid|Galactic Republic|Rebel|Resistance,
APPO,"CC-1119 ""Appo""",yes,,9,,Dark Side,Attacker,Clone Trooper|Empire|Order 66 Raid,
CC2224,"CC-2224 ""Cody""",no,,5,,Light Side,Attacker,Leader|Clone Trooper|Galactic Republic,
CT210408,"CT-21-0408 ""Echo""",yes,,7,TB,Light Side,Support,501st|Clone Trooper|Galactic Republic,
CT5555,"CT-5555 ""Fives""",yes,,7,TB,Light Side,Tank,Leader|501st|Clone Trooper|Galactic Republic,UMBARANSTARFIGHTER
CT7567,"CT-7567 ""Rex""",yes,,7,TB,Light Side,Support,Leader|501st|Clone Trooper|Galactic Republic,ARC170REX
OPERATIVE,CX-2,yes,,9,,Dark Side,Support,Clone Trooper|Empire|Order 66 Raid,
CADBANE,Cad Bane,no,,7,,Dark Side,Support,Leader|Bounty Hunter|Hutt Cartel|Mercenary|Scoundrel,XANADUBLOOD
CALKESTIS,Cal Kestis,yes,,7,,Light Side,Support,Unaligned Force User,
CANDEROUSORDO,Canderous Ordo,no,,6,,Dark Side,Attacker,Mandalorian|Mercenary|Old Republic|Scoundrel,
CAPTAINDROGAN,Captain Drogan,yes,,9,,Light Side,Attacker,Rebel|Rebel Fighter,BWINGREBEL
CAPTAINENOCH,Captain Enoch,yes,,9,TB,Dark Side,Support,Leader|Imperial Remnant,
HOTHHAN,Captain Han Solo,no,,5,,Light Side,Support,Rebel|Scoundrel,
ITHANO,Captain Ithano,yes,,7,,Dark Side,Attacker,Leader|Pirate|Scoundrel|Order 66 Raid,
PHASMA,Captain Phasma,no,,7,,Dark Side,Support,Leader|First Order,COMMANDSHUTTLE
CAPTAINREX,Captain Rex,yes,,8,TB,Light Side,Support,Clone Trooper|Phoenix|Rebel|Rebel Fighter,
CAPTAINSILVO,Captain Silvo,yes,,7,,Dark Side,Support,Leader|Pirate|Scoundrel|Unaligned Force User|Order 66 Raid,
CAPTAINTARPALS,Captain Tarpals,yes,,8,,Light Side,Attacker,Gungan,
CARADUNE,Cara Dune,yes,,7,TB,Light Side,Tank,Constable|Mercenary|Rebel|Rebel Fighter|Scoundrel,
CARTHONASI,Carth Onasi,no,,5,,Light Side,Attacker,Leader|Old Republic,EBONHAWK
CASSIANANDOR,Cassian Andor,yes,,8,,Light Side,Support,Rebel|Rebel Fighter|Rogue One,UWINGROGUEONE
CASSIANUNDERCOVER,Cassian Andor (Undercover),no,,5,,Light Side,Support,Leader|Rebel|Rebel Fighter,
CEREJUNDA,Cere Junda,yes,,8,GAC delta,Light Side,Support,Leader|Scoundrel|Unaligned Force User,
CHEWBACCALEGENDARY,Chewbacca,yes,,8,TB,Light Side,Attacker,Rebel|Scoundrel|Smuggler|Wookiee,MILLENNIUMFALCON
CHIEFCHIRPA,Chief Chirpa,no,,7,,Light Side,Support,Leader|Ewok,
CHIEFNEBIT,Chief Nebit,no,,5,,Light Side,Tank,Leader|Jawa,
CHIRRUTIMWE,Chirrut Îmwe,no,,5,,Light Side,Attacker,Rebel|Rebel Fighter|Rogue One,
CHOPPERS3,Chopper,no,,7,TW delta,Light Side,Support,Droid|Phoenix|Rebel|Spectre,PHANTOM2
CINTA,Cinta Kaz,no,,5,,Light Side,Attacker,Rebel|Rebel Fighter,
CLONESERGEANTPHASEI,Clone Sergeant - Phase I,no,,5,,Light Side,Attacker,Clone Trooper|Galactic Republic,ARC170CLONESERGEANT
CLONEWARSCHEWBACCA,Clone Wars Chewbacca,yes,,7,TB,Light Side,Tank,Leader|Galactic Republic|Scoundrel|Wookiee,
COBBVANTH,Cobb Vanth,yes,,7,,Light Side,Attacker,Leader|Constable,
COLONELSTARCK,Colonel Starck,no,,8,,Dark Side,Support,Empire|Imperial Trooper,
COMMANDERAHSOKA,Commander Ahsoka Tano,yes,,9,,Light Side,Attacker,Galactic Republic|Scoundrel|Unaligned Force User,
COMMANDERLUKESKYWALKER,Commander Luke Skywalker,yes,,7,,Light Side,Attacker,Leader|Rebel|Unaligned Force User,
CORUSCANTUNDERWORLDPOLICE,Coruscant Underworld Police,yes,,9,,Light Side,Support,Constable|Galactic Republic,
COUNTDOOKU,Count Dooku,yes,,8,TW delta,Dark Side,Attacker,Leader|Separatist|Sith,
CROSSHAIRS3,Crosshair (Scarred),yes,,7,,Light Side,Attacker,Bad Batch|Order 66 Raid,
DARKTROOPER,Dark Trooper,no,,7,,Dark Side,Attacker,Droid|Empire|Imperial Remnant|Imperial Trooper,
MOFFGIDEONS3,Dark Trooper Moff Gideon,yes,,8,TB,Dark Side,Tank,Leader|Empire|Imperial Remnant,
DARTHBANE,Darth Bane,yes,,9,,Dark Side,Attacker,Leader|Sith,
DARTHMALAK,Darth Malak,yes,,9,,Dark Side,Tank,Sith|Sith Empire,
DARTHMALGUS,Darth Malgus,yes,,9,,Dark Side,Tank,Leader|Sith|Sith Empire,FURYCLASSINTERCEPTOR
MAUL,Darth Maul,no,,7,,Dark Side,Attacker,Leader|Sith,SITHINFILTRATOR
DARTHNIHILUS,Darth Nihilus,yes,,7,GAC delta,Dark Side,Support,Leader|Sith,
DARTHREVAN,Darth Revan,yes,,10,Fleet arena,Dark Side,Attacker,Leader|Sith|Sith Empire|Fleet Commander,CAPITALLEVIATHAN
DARTHSIDIOUS,Darth Sidious,yes,,8,,Dark Side,Attacker,Leader|Sith,
DARTHSION,Darth Sion,yes,,7,GAC delta,Dark Side,Tank,Sith,
DARTHTALON,Darth Talon,yes,,7,GAC delta,Dark Side,Attacker,Sith,
DARTHTRAYA,Darth Traya,yes,,7,GAC delta,Dark Side,Support,Leader|Sith,
VADER,Darth Vader,yes,,8,,Dark Side,Attacker,Leader|Empire|Sith,TIEADVANCED
VADERDUELSEND,Darth Vader (Duel's End),yes,,8,GAC delta,Dark Side,Attacker,Empire|Sith,
DASHRENDAR,Dash Rendar,yes,,7,,Light Side,Support,Leader|Mercenary|Scoundrel|Smuggler,OUTRIDER
DATHCHA,Dathcha,no,,5,,Light Side,Support,Leader|Jawa,
DEATHTROOPER,Death Trooper,no,,7,,Dark Side,Attacker,Empire|Imperial Remnant|Imperial Trooper,TIEREAPER
DEATHTROOPERPERIDEA,Death Trooper (Peridea),yes,,9,TB,Dark Side,Attacker,Imperial Remnant|Nightsister,
DEDRAMEERO,Dedra Meero,no,,5,,Dark Side,Support,Empire|ISB,
DENGAR,Dengar,yes,,8,,Dark Side,Attacker,Leader|Bounty Hunter|Mercenary|Scoundrel,PUNISHINGONE
DEPABILLABA,Depa Billaba,yes,,9,TB,Light Side,Attacker,Galactic Republic|Jedi|Jedi Vanguard|Order 66 Raid,
DIRECTORKRENNIC,Director Krennic,no,,5,,Dark Side,Support,Leader|Empire|ISB,
DISGUISEDCLONETROOPER,Disguised Clone Trooper,yes,,9,,Dark Side,Support,Clone Trooper|Empire|Order 66 Raid,
DOCTORAPHRA,Doctor Aphra,yes,,9,TB,Dark Side,Support,Leader|Mercenary|Scoundrel,
DROIDEKA,Droideka,no,,7,,Dark Side,Attacker,Droid|Separatist,
BADBATCHECHO,Echo,yes,,7,GAC delta,Light Side,Support,Bad Batch|Clone Trooper|Galactic Republic,
EETHKOTH,Eeth Koth,no,,5,,Light Side,Support,Leader|Galactic Republic|Jedi|Jedi Vanguard|Order 66 Raid,
EIGHTHBROTHER,Eighth Brother,yes,,9,TB,Dark Side,Attacker,Leader|Empire|Inquisitorius|Unaligned Force User,
EMBO,Embo,yes,,7,TW delta,Dark Side,Attacker,Leader|Bounty Hunter|Hutt Cartel|Mercenary|Scoundrel,
EMPERORPALPATINE,Emperor Palpatine,yes,,7,,Dark Side,Support,Leader|Empire|Sith,EMPERORSSHUTTLE
ENFYSNEST,Enfys Nest,no,,7,,Light Side,Attacker,Pirate|Scoundrel|Smuggler|Order 66 Raid,
EWOKELDER,Ewok Elder,no,,5,,Light Side,Healer,Ewok,
EWOKSCOUT,Ewok Scout,no,,5,,Light Side,Attacker,Ewok,
EZRABRIDGERS3,Ezra Bridger,no,,6,,Light Side,Attacker,Jedi|Phoenix|Rebel,PHANTOM2
EZRAEXILE,Ezra Bridger (Exile),yes,,10,,Light Side,Support,Jedi|Spectre,
FENNECSHAND,Fennec Shand,no,,7,,Dark Side,Attacker,Leader|Bounty Hunter|Mercenary|Scoundrel,
FIFTHBROTHER,Fifth Brother,yes,,9,TB,Dark Side,Support,Leader|Empire|Inquisitorius|Unaligned Force User,SCYTHE
FINN,Finn,no,,6,GAC delta,Light Side,Tank,Leader|Resistance,MILLENNIUMFALCONEP7
FIRSTORDEREXECUTIONER,First Order Executioner,no,,5,,Dark Side,Attacker,First Order,
FIRSTORDEROFFICERMALE,First Order Officer,yes,,6,,Dark Side,Support,First Order,FIRSTORDERTIEECHELON
FIRSTORDERSPECIALFORCESPILOT,First Order SF TIE Pilot,no,,5,,Dark Side,Attacker,First Order,TIEFIGHTERFOSF
FIRSTORDERTROOPER,First Order Stormtrooper,no,,5,,Dark Side,Tank,First Order,COMMANDSHUTTLE
FIRSTORDERTIEPILOT,First Order TIE Pilot,no,,5,,Dark Side,Attacker,First Order,TIEFIGHTERFIRSTORDER
GAMORREANGUARD,Gamorrean Guard,no,,5,,Dark Side,Tank,Hutt Cartel|Scoundrel,
GARSAXON,Gar Saxon,yes,,7,,Dark Side,Tank,Leader|Empire|Mandalorian,GAUNTLETSTARFIGHTER
ZEBS3,"Garazeb ""Zeb"" Orrelios",no,,5,,Light Side,Tank,Rebel|Phoenix,GHOST
GRIEVOUS,General Grievous,yes,,8,,Dark Side,Attacker,Leader|Droid|Separatist|Fleet Commander,CAPITALMALEVOLENCE
GENERALHUX,General Hux,yes,,7,,Dark Side,Support,Leader|First Order|Fleet Commander,CAPITALFINALIZER
GENERALKENOBI,General Kenobi,yes,,9,,Light Side,Tank,Leader|Galactic Republic|Jedi|Fleet Commander,CAPITALNEGOTIATOR
GENERALSKYWALKER,General Skywalker,yes,,9,,Light Side,Attacker,Leader|501st|Galactic Republic|Jedi,
GENERALSYNDULLA,General Syndulla,yes,,8,,Light Side,Support,Leader|Spectre,
VEERS,General Veers,no,,5,,Dark Side,Support,Leader|Empire|Imperial Trooper,
GEONOSIANBROODALPHA,Geonosian Brood Alpha,no,,5,,Dark Side,Support,Leader|Geonosian|Separatist,
GEONOSIANSOLDIER,Geonosian Soldier,no,,5,,Dark Side,Attacker,Geonosian|Separatist,GEONOSIANSTARFIGHTER2
GEONOSIANSPY,Geonosian Spy,no,,5,,Dark Side,Attacker,Geonosian|Separatist,GEONOSIANSTARFIGHTER3
GRANDADMIRALTHRAWN,Grand Admiral Thrawn,yes,,7,,Dark Side,Support,Leader|Empire|Fleet Commander,CAPITALCHIMAERA
GRANDINQUISITOR,Grand Inquisitor,yes,,9,,Dark Side,Attacker,Leader|Empire|Inquisitorius|Unaligned Force User,SCYTHE
GRANDMASTERYODA,Grand Master Yoda,yes,,8,,Light Side,Support,Leader|Galactic Republic|Jedi,
GRANDMOFFTARKIN,Grand Moff Tarkin,yes,,9,,Dark Side,Support,Leader|Empire|Fleet Commander|Order 66 Raid,CAPITALSTARDESTROYER
GREATMOTHERS,Great Mothers,yes,,8,GAC delta,Dark Side,Support,Leader|Nightsister,
GREEDO,Greedo,no,,6,,Dark Side,Attacker,Leader|Bounty Hunter|Hutt Cartel|Scoundrel,
GREEFKARGA,Greef Karga,no,,5,,Light Side,Support,Leader|Bounty Hunter|Scoundrel,
BOOMADIER,Gungan Boomadier,yes,,8,,Light Side,Attacker,Gungan,
GUNGANPHALANX,Gungan Phalanx,yes,,8,,Light Side,Tank,Gungan,
HK47,HK-47,no,,7,,Dark Side,Attacker,Leader|Droid|Sith Empire,
HANSOLO,Han Solo,yes,,8,,Light Side,Attacker,Mercenary|Rebel|Scoundrel|Smuggler,MILLENNIUMFALCON
HERASYNDULLAS3,Hera Syndulla,no,,7,TW delta,Light Side,Support,Leader|Phoenix|Rebel,GHOST
HERMITYODA,Hermit Yoda,yes,,7,GAC delta,Light Side,Support,Jedi,
HONDO,Hondo Ohnaka,yes,,9,,Neutral,Support,Mercenary|Pirate|Scoundrel|Smuggler|Order 66 Raid,
HOTHREBELSCOUT,Hoth Rebel Scout,no,,5,,Light Side,Attacker,Rebel|Rebel Fighter,
HOTHREBELSOLDIER,Hoth Rebel Soldier,no,,5,,Light Side,Support,Rebel|Rebel Fighter,
BADBATCHHUNTER,Hunter,no,,5,,Light Side,Attacker,Leader|Bad Batch|Clone Trooper|Galactic Republic,MARAUDER
HUNTERS3,Hunter (Mercenary),yes,,7,,Light Side,Support,Bad Batch|Mercenary|Order 66 Raid,
HUYANG,Huyang,yes,,8,,Light Side,Attacker,Droid|Spectre,
MAGNAGUARD,IG-100 MagnaGuard,no,,5,,Dark Side,Tank,Droid|Separatist,
IG11,IG-11,no,,5,,Light Side,Healer,Droid|Scoundrel,
IG12,IG-12 & Grogu,yes,,7,GAC delta,Light Side,Healer,Mandalorian,
IG86SENTINELDROID,IG-86 Sentinel Droid,no,,5,,Dark Side,Attacker,Droid,
IG88,IG-88,no,,6,,Dark Side,Attacker,Leader|Bounty Hunter|Droid|Scoundrel,IG2000
IG90,IG-90,yes,,7,GAC delta,Dark Side,Support,Leader|Bounty Hunter|Droid|Scoundrel,
IDENVERSIOEMPIRE,Iden Versio,yes,,8,,Dark Side,Attacker,Leader|Empire|Imperial Trooper,TIEDEFENDER
IMAGUNDI,Ima-Gun Di,no,,5,,Light Side,Support,Leader|Galactic Republic|Jedi|Jedi Vanguard|Order 66 Raid,
IMPERIALPROBEDROID,Imperial Probe Droid,no,,5,,Dark Side,Support,Droid|Empire|ISB,
IMPERIALSUPERCOMMANDO,Imperial Super Commando,yes,,7,,Dark Side,Attacker,Empire|Mandalorian,GAUNTLETSTARFIGHTER
INQUISITORBARRISS,Inquisitor Barriss,yes,,7,GAC delta,Dark Side,Healer,Leader|Empire|Inquisitorius|Unaligned Force User,
JABBATHEHUTT,Jabba the Hutt,yes,,9,GL,Dark Side,Support,Leader|Galactic Legend|Bounty Hunter|Hutt Cartel|Smuggler,
JANGOFETT,Jango Fett,yes,,7,TW delta,Dark Side,Attacker,Leader|Bounty Hunter|Mandalorian|Mercenary|Scoundrel|Separatist,
JARJARBINKS,Jar Jar Binks,yes,,8,,Light Side,Support,Gungan,
JAWA,Jawa,no,,5,,Light Side,Attacker,Jawa,
JAWAENGINEER,Jawa Engineer,no,,5,,Light Side,Healer,Jawa,
JAWASCAVENGER,Jawa Scavenger,no,,5,,Light Side,Support,Jawa,
JEDIKNIGHTCONSULAR,Jedi Consular,no,,5,,Light Side,Healer,Galactic Republic|Jedi|Jedi Vanguard|Order 66 Raid,JEDISTARFIGHTERCONSULAR
ANAKINKNIGHT,Jedi Knight Anakin,yes,,8,GAC delta,Light Side,Attacker,Leader|Galactic Republic|Jedi,JEDISTARFIGHTERANAKIN
JEDIKNIGHTCAL,Jedi Knight Cal Kestis,yes,,8,,Light Side,Attacker,Leader|Jedi|Mercenary,
JEDIKNIGHTGUARDIAN,Jedi Knight Guardian,no,,5,,Light Side,Tank,Galactic Republic|Jedi|Jedi Vanguard|Order 66 Raid,
JEDIKNIGHTLUKE,Jedi Knight Luke Skywalker,yes,,8,,Light Side,Attacker,Leader|Jedi,
JEDIKNIGHTREVAN,Jedi Knight Revan,yes,,8,GAC delta,Light Side,Attacker,Leader|Jedi|Old Republic,
JEDIMASTERKENOBI,Jedi Master Kenobi,yes,,8,GL,Light Side,Attacker,Leader|Galactic Legend|Galactic Republic|Jedi,
GRANDMASTERLUKE,Jedi Master Luke Skywalker,yes,,9,GL,Light Side,Tank,Galactic Legend|Leader|Jedi,
JEDIMASTERMACEWINDU,Jedi Master Mace Windu,yes,,9,TB,Light Side,Attacker,Leader|Galactic Republic|Jedi|Jedi Vanguard|Order 66 Raid,
JOCASTANU,Jocasta Nu,yes,,9,TB,Light Side,Attacker,Galactic Republic|Jedi|Jedi Vanguard|Order 66 Raid,
JOLEEBINDO,Jolee Bindo,yes,,7,GAC delta,Light Side,Healer,Jedi|Old Republic,
JUHANI,Juhani,yes,,8,TW delta,Light Side,Tank,Jedi|Old Republic,
JYNERSO,Jyn Erso,yes,,7,,Light Side,Attacker,Leader|Rebel|Rebel Fighter|Rogue One,UWINGROGUEONE
K2SO,K-2SO,no,,5,,Light Side,Tank,Droid|Rebel|Rebel Fighter|Rogue One,UWINGROGUEONE
KXSECURITYDROID,KX Security Droid,no,,5,,Dark Side,Tank,Droid|Empire|ISB,
KANANJARRUSS3,Kanan Jarrus,no,,7,TW delta,Light Side,Tank,Jedi|Phoenix|Rebel,GHOST
KELLERANBEQ,Kelleran Beq,yes,,8,,Light Side,Attacker,Leader|Galactic Republic|Jedi|Jedi Vanguard|Order 66 Raid,
KIADIMUNDI,Ki-Adi-Mundi,yes,,8,TW delta,Light Side,Attacker,Galactic Republic|Jedi,
KITFISTO,Kit Fisto,no,,7,,Light Side,Attacker,Leader|Galactic Republic|Jedi|Jedi Vanguard|Order 66 Raid,
KIX,Kix,yes,,7,,Light Side,Healer,Clone Trooper|Pirate|Scoundrel|Order 66 Raid,
KLEYA,Kleya Marki,no,,5,,Light Side,Attacker,Rebel|Rebel Fighter,
KRRSANTAN,Krrsantan,yes,,9,GAC delta,Dark Side,Tank,Leader|Bounty Hunter|Hutt Cartel|Mercenary|Scoundrel|Wookiee,
KUIIL,Kuiil,no,,5,,Light Side,Support,Scoundrel,
KYLEKATARN,Kyle Katarn,yes,,7,TB,Light Side,Attacker,Jedi|Mercenary|Rebel|Rebel Fighter,RAVENSCLAW
KYLOREN,Kylo Ren,no,,7,,Dark Side,Attacker,First Order|Unaligned Force User,COMMANDSHUTTLE
KYLORENUNMASKED,Kylo Ren (Unmasked),yes,,8,,Dark Side,Tank,Leader|First Order|Unaligned Force User,TIESILENCER
L3_37,L3-37,yes,,7,TW delta,Light Side,Tank,Droid|Mercenary|Scoundrel|Smuggler,MILLENNIUMFALCONPRISTINE
ADMINISTRATORLANDO,Lando Calrissian,no,,5,,Light Side,Attacker,Leader|Rebel|Rebel Fighter|Scoundrel,
GLLEIA,Leia Organa,yes,,9,GL,Light Side,Tank,Galactic Legend|Leader|Rebel,
LOBOT,Lobot,no,,5,,Light Side,Support,Leader|Constable|Rebel,
LOGRAY,Logray,no,,5,,Light Side,Support,Ewok,
LORDVADER,Lord Vader,yes,,10,GL,Dark Side,Attacker,Leader|Galactic Legend|Empire|Sith,
LUKESKYWALKER,Luke Skywalker (Farmboy),no,,5,,Light Side,Attacker,Leader|Rebel,
LUMINARAUNDULI,Luminara Unduli,no,,7,,Light Side,Healer,Leader|Galactic Republic|Jedi|Jedi Vanguard|Order 66 Raid,
LUTHENRAEL,Luthen Rael,yes,,7,TB,Light Side,Support,Rebel|Rebel Fighter,
MACEWINDU,Mace Windu,yes,,8,GAC delta,Light Side,Tank,Leader|Galactic Republic|Jedi|Fleet Commander,CAPITALJEDICRUISER
MAGMATROOPER,Magmatrooper,no,,5,,Dark Side,Attacker,Empire|Imperial Trooper,
MAJORPARTAGAZ,Major Partagaz,no,,5,,Dark Side,Support,Leader|Empire|ISB,
MARAJADE,"Mara Jade, The Emperor's Hand",yes,,7,GAC delta,Dark Side,Attacker,Empire|Unaligned Force User,
MARROK,Marrok,yes,,8,,Dark Side,Support,Inquisitorius|Mercenary|Unaligned Force User,
MASTERQUIGON,Master Qui-Gon,yes,,9,,Light Side,Support,Galactic Republic|Jedi,
MAULS7,Maul,yes,,8,GAC delta,Dark Side,Attacker,Leader|Mandalorian|Unaligned Force User,
MAULHATEFUELED,Maul (Hate-Fueled),yes,,8,GAC delta,Dark Side,Attacker,Unaligned Force User,
MAZKANATA,Maz Kanata,yes,,8,GAC delta,Light Side,Support,Leader|Pirate|Scoundrel|Smuggler|Unaligned Force User|Order 66 Raid,
MERRIN,Merrin,yes,,7,TB,Dark Side,Support,Nightsister,
MISSIONVAO,Mission Vao,yes,,7,TW delta,Light Side,Attacker,Mercenary|Old Republic|Scoundrel,
HUMANTHUG,Mob Enforcer,no,,5,,Dark Side,Support,Hutt Cartel|Scoundrel,
MOFFGIDEONS1,Moff Gideon,yes,,8,TB,Dark Side,Support,Leader|Empire|Imperial Remnant|Imperial Trooper,
MONMOTHMA,Mon Mothma,no,,5,,Light Side,Support,Leader|Rebel,
MORGANELSBETH,Morgan Elsbeth,yes,,8,GAC delta,Dark Side,Tank,Nightsister,
MOTHERTALZIN,Mother Talzin,no,,5,,Dark Side,Support,Leader|Nightsister,
NIGHTTROOPER,Night Trooper,yes,,9,TB,Dark Side,Attacker,Imperial Remnant|Nightsister,
NIGHTSISTERACOLYTE,Nightsister Acolyte,no,,5,,Dark Side,Attacker,Nightsister,
NIGHTSISTERINITIATE,Nightsister Initiate,no,,5,,Dark Side,Attacker,Nightsister,
NIGHTSISTERSPIRIT,Nightsister Spirit,yes,,8,GAC delta,Dark Side,Attacker,Nightsister,
NIGHTSISTERZOMBIE,Nightsister Zombie,no,,5,,Dark Side,Tank,Nightsister,
NINTHSISTER,Ninth Sister,yes,,8,GAC delta,Dark Side,Tank,Leader|Empire|Inquisitorius|Unaligned Force User,
NUTEGUNRAY,Nute Gunray,yes,,7,TW delta,Dark Side,Support,Leader|Scoundrel|Separatist,
OLDBENKENOBI,Obi-Wan Kenobi (Old Ben),no,,5,,Light Side,Tank,Leader|Jedi|Rebel,
DAKA,Old Daka,no,,7,,Dark Side,Healer,Leader|Nightsister,
BADBATCHOMEGA,Omega,no,,5,,Light Side,Attacker,Bad Batch|Clone Trooper,
OMEGAS3,Omega (Fugitive),yes,,7,,Light Side,Support,Leader|Bad Batch|Order 66 Raid,
PADAWANOBIWAN,Padawan Obi-Wan,yes,,9,,Light Side,Attacker,Galactic Republic|Jedi,
PADAWANSABINE,Padawan Sabine Wren,yes,,8,,Light Side,Attacker,Mandalorian|Spectre|Unaligned Force User,
PADMEAMIDALA,Padmé Amidala,yes,,8,,Light Side,Support,Leader|Galactic Republic,
PAO,Pao,no,,5,,Light Side,Attacker,Rebel|Rebel Fighter|Rogue One,ROGUEONESHIP
PAPLOO,Paploo,no,,5,,Light Side,Tank,Ewok,
PAZVIZSLA,Paz Vizsla,yes,,8,GAC delta,Light Side,Tank,Mandalorian,
GLHONDO,Pirate King Hondo Ohnaka,yes,,9,GL,Dark Side,Support,Galactic Legend|Leader|Pirate|Scoundrel|Smuggler|Order 66 Raid,
PLOKOON,Plo Koon,yes,,8,,Light Side,Tank,Leader|Galactic Republic|Jedi|Jedi Vanguard|Order 66 Raid,BLADEOFDORIN
POE,Poe Dameron,no,,5,,Light Side,Tank,Leader|Resistance,XWINGBLACKONE
POGGLETHELESSER,Poggle the Lesser,no,,5,,Dark Side,Support,Leader|Geonosian|Separatist,
PRINCESSKNEESAA,Princess Kneesaa,no,,7,,Light Side,Attacker,Ewok,
PRINCESSLEIA,Princess Leia,yes,,7,GAC delta,Light Side,Attacker,Leader|Rebel,
QIRA,Qi'ra,yes,,5,TB,Light Side,Support,Leader|Mercenary|Scoundrel|Smuggler,
QUEENAMIDALA,Queen Amidala,yes,,9,,Light Side,Support,Leader|Galactic Republic,
QUIGONJINN,Qui-Gon Jinn,no,,7,,Light Side,Support,Leader|Galactic Republic|Jedi|Jedi Vanguard|Order 66 Raid,
QUIGGOLD,Quiggold,yes,,9,GAC delta,Dark Side,Tank,Pirate|Scoundrel|Order 66 Raid,
R2D2_LEGENDARY,R2-D2,yes,,9,,Light Side,Support,Droid|Galactic Republic|Rebel|Resistance,
SCORCH,"RC-1262 ""Scorch""",yes,,9,,Dark Side,Tank,Clone Trooper|Empire|Order 66 Raid,
RANGETROOPER,Range Trooper,no,,5,,Dark Side,Support,Empire|Imperial Trooper,
HOTHLEIA,Rebel Officer Leia Organa,no,,5,,Light Side,Attacker,Leader|Rebel,
EPIXFINN,Resistance Hero Finn,yes,,7,GAC delta,Light Side,Attacker,Resistance,
EPIXPOE,Resistance Hero Poe,yes,,7,GAC delta,Light Side,Attacker,Resistance,
RESISTANCEPILOT,Resistance Pilot,no,,5,,Light Side,Attacker,Resistance,XWINGRESISTANCE
RESISTANCETROOPER,Resistance Trooper,no,,5,,Light Side,Attacker,Resistance,MG100STARFORTRESSSF17
GLREY,Rey,yes,,10,GL,Light Side,Attacker,Leader|Resistance|Galactic Legend|Unaligned Force User,
DARKREY,Rey (Dark Side Vision),yes,,8,,Dark Side,Attacker,First Order|Sith,
REYJEDITRAINING,Rey (Jedi Training),yes,,7,,Light Side,Tank,Leader|Resistance|Unaligned Force User,
REY,Rey (Scavenger),yes,,8,,Light Side,Attacker,Resistance|Unaligned Force User,MILLENNIUMFALCONEP7
ROSETICO,Rose Tico,yes,,7,GAC delta,Light Side,Attacker,Resistance,MG100STARFORTRESSSF17
ROYALGUARD,Royal Guard,no,,7,,Dark Side,Tank,Empire,EMPERORSSHUTTLE
SM33,SM-33,yes,,9,GAC delta,Dark Side,Attacker,Droid|Pirate|Scoundrel|Order 66 Raid,
STAP,STAP,no,,7,,Dark Side,Attacker,Droid|Separatist,
SABINEWRENS3,Sabine Wren,no,,7,TW delta,Light Side,Attacker,Mandalorian|Phoenix|Rebel,PHANTOM2
SANASTARROS,Sana Starros,no,,5,,Light Side,Attacker,Leader|Mercenary|Pirate|Scoundrel|Smuggler|Order 66 Raid,
SATELESHAN,Satele Shan,yes,,9,GAC delta,Light Side,Tank,Leader|Jedi|Old Republic,
SAVAGEOPRESS,Savage Opress,yes,,7,GAC delta,Dark Side,Attacker,Leader|Sith,
SAWGERRERA,Saw Gerrera,yes,,7,TB,Light Side,Support,Leader|Rebel|Rebel Fighter,
SCARIFREBEL,Scarif Rebel Pathfinder,no,,5,,Light Side,Tank,Rebel|Rebel Fighter|Rogue One,UWINGSCARIF
SCOUTTROOPER_V3,Scout Trooper,yes,,8,TB,Dark Side,Support,Empire|Imperial Remnant|Imperial Trooper,
SECONDSISTER,Second Sister,yes,,7,GAC delta,Dark Side,Attacker,Leader|Empire|Inquisitorius|Unaligned Force User,TIEINTERCEPTOR
SEVENTHSISTER,Seventh Sister,yes,,9,TB,Dark Side,Healer,Leader|Empire|Inquisitorius|Unaligned Force User,
SHAAKTI,Shaak Ti,yes,,8,,Light Side,Support,Leader|Galactic Republic|Jedi|Jedi Vanguard|Order 66 Raid,
SHINHATI,Shin Hati,yes,,8,,Dark Side,Attacker,Mercenary|Unaligned Force User,
SHORETROOPER,Shoretrooper,no,,5,,Dark Side,Tank,Empire|Imperial Trooper,TIEREAPER
SITHASSASSIN,Sith Assassin,yes,,9,,Dark Side,Attacker,Sith|Sith Empire,SITHFIGHTER
SITHTROOPER,Sith Empire Trooper,yes,,7,,Dark Side,Tank,Sith|Sith Empire,SITHSUPREMACYCLASS
SITHPALPATINE,Sith Eternal Emperor,yes,,9,GL,Dark Side,Attacker,Leader|Galactic Legend|Sith,
SITHMARAUDER,Sith Marauder,yes,,8,,Dark Side,Attacker,Sith|Sith Empire,SITHBOMBER
FOSITHTROOPER,Sith Trooper,yes,,8,GAC delta,Dark Side,Attacker,First Order|Sith,TIEDAGGER
UNDERCOVERLANDO,Skiff Guard (Lando Calrissian),yes,,8,,Light Side,Attacker,Hutt Cartel|Scoundrel|Smuggler,
SNOWTROOPER,Snowtrooper,no,,5,,Dark Side,Attacker,Empire|Imperial Trooper,
STARKILLER,Starkiller,yes,,9,GAC delta,Dark Side,Attacker,Unaligned Force User,
STORMTROOPER,Stormtrooper,no,,5,,Dark Side,Tank,Empire|Imperial Remnant|Imperial Trooper,
STORMTROOPERHAN,Stormtrooper Han,yes,,7,GAC delta,Light Side,Tank,Leader|Rebel|Scoundrel,
STORMTROOPERLUKE,Stormtrooper Luke,yes,,7,GAC delta,Light Side,Support,Leader|Rebel,
SUNFAC,Sun Fac,no,,5,,Dark Side,Tank,Geonosian|Separatist,GEONOSIANSTARFIGHTER1
SUPREMELEADERKYLOREN,Supreme Leader Kylo Ren,yes,,9,GL,Dark Side,Attacker,Leader|First Order|Galactic Legend|Unaligned Force User,
T3_M4,T3-M4,no,,5,,Light Side,Support,Droid|Old Republic,EBONHAWK
TIEFIGHTERPILOT,TIE Fighter Pilot,no,,5,,Dark Side,Attacker,Empire|Imperial Remnant,TIEFIGHTERIMPERIAL
TALIA,Talia,no,,5,,Dark Side,Healer,Leader|Nightsister,
TARFFUL,Tarfful,yes,,7,TB,Light Side,Support,Leader|Wookiee,
TARONMALICOS,Taron Malicos,yes,,9,GAC delta,Dark Side,Attacker,Unaligned Force User,
BADBATCHTECH,Tech,no,,5,,Light Side,Support,Bad Batch|Clone Trooper|Galactic Republic,MARAUDER
TEEBO,Teebo,no,,5,,Light Side,Tank,Leader|Ewok,
VANGUARDTEMPLEGUARD,Temple Guard,yes,,9,TB,Light Side,Tank,Galactic Republic|Jedi|Jedi Vanguard|Order 66 Raid,
ARMORER,The Armorer,yes,,7,GAC delta,Light Side,Support,Leader|Mandalorian,
THEMANDALORIAN,The Mandalorian,no,,5,,Light Side,Attacker,Leader|Bounty Hunter|Mandalorian|Scoundrel,
THEMANDALORIANBESKARARMOR,The Mandalorian (Beskar Armor),yes,,8,,Light Side,Attacker,Leader|Mandalorian|Mercenary|Scoundrel,RAZORCREST
STRANGER,The Stranger,yes,,9,GAC delta,Dark Side,Attacker,Leader|Sith,
THIRDSISTER,Third Sister,yes,,9,,Dark Side,Tank,Leader|Empire|Inquisitorius|Unaligned Force User,
C3POCHEWBACCA,Threepio & Chewie,yes,,7,TB,Light Side,Attacker,Droid|Rebel|Wookiee,
TUSKENCHIEFTAIN,Tusken Chieftain,no,,5,,Dark Side,Support,Leader|Tusken,
TUSKENRAIDER,Tusken Raider,no,,5,,Dark Side,Attacker,Tusken,
TUSKENSHAMAN,Tusken Shaman,no,,5,,Dark Side,Healer,Tusken,
TUSKENHUNTRESS,Tusken Warrior,no,,7,,Dark Side,Attacker,Tusken,
URORRURRR,URoRRuR'R'R,no,,5,,Dark Side,Support,Leader|Tusken,
UGNAUGHT,Ugnaught,no,,5,,Light Side,Support,,
YOUNGCHEWBACCA,Vandor Chewbacca,yes,,7,TB,Light Side,Tank,Mercenary|Scoundrel|Smuggler|Wookiee,
VANE,Vane,yes,,9,GAC delta,Dark Side,Tank,Pirate|Scoundrel|Order 66 Raid,
VEL,Vel Sartha,no,,5,,Light Side,Support,Rebel|Rebel Fighter,
SMUGGLERCHEWBACCA,Veteran Smuggler Chewbacca,yes,,7,TB,Light Side,Attacker,Resistance|Scoundrel|Wookiee|Smuggler,
SMUGGLERHAN,Veteran Smuggler Han Solo,no,,5,,Light Side,Attacker,Mercenary|Resistance|Scoundrel|Smuggler,
VISASMARR,Visas Marr,yes,,7,GAC delta,Light Side,Healer,Unaligned Force User,
WAMPA,Wampa,no,,7,,Dark Side,Attacker,,
WATTAMBOR,Wat Tambor,yes,,7,TW delta,Dark Side,Support,Separatist,
WEDGEANTILLES,Wedge Antilles,no,,5,,Light Side,Attacker,Leader|Rebel|Rebel Fighter,XWINGRED2
WICKET,Wicket,no,,5,,Light Side,Attacker,Ewok,
BADBATCHWRECKER,Wrecker,no,,5,,Light Side,Tank,Bad Batch|Clone Trooper|Galactic Republic,MARAUDER
WRECKERS3,Wrecker (Mercenary),yes,,8,GAC delta,Light Side,Tank,Bad Batch|Mercenary|Order 66 Raid,
YODACHEWBACCA,Yoda & Chewie,yes,,7,TB,Light Side,Support,Galactic Republic|Jedi|Wookiee,
YOUNGHAN,Young Han Solo,yes,,5,TB,Light Side,Attacker,Mercenary|Scoundrel|Smuggler,
YOUNGLANDO,Young Lando Calrissian,no,,6,,Light Side,Attacker,Mercenary|Scoundrel|Smuggler,MILLENNIUMFALCONPRISTINE
ZAALBAR,Zaalbar,yes,,7,TB,Light Side,Tank,Mercenary|Old Republic|Scoundrel|Wookiee,
ZAMWESELL,Zam Wesell,no,,7,,Dark Side,Attacker,Leader|Bounty Hunter|Mercenary|Scoundrel,
ZORIIBLISS_V2,Zorii Bliss,yes,,7,GAC delta,Light Side,Support,Resistance|Scoundrel|Smuggler,COMEUPPANCE
ZUCKUSS,Zuckuss,no,,7,,Dark Side,Tank,Leader|Bounty Hunter|Scoundrel|Unaligned Force User,